ds,y,yhat,yhat_lower,yhat_upper
2014-01-01,453,385.116279943255,308.4565268792056,463.2414211928019
2014-01-02,280,317.0065773080798,237.28421851660733,388.63683680938834
2014-01-03,315,325.89216974520133,250.37203968763268,399.72638899310266
2014-01-04,414,397.99287817234466,317.37639809278375,473.46316367339386
2014-01-05,465,376.39164180702085,301.3550557624945,449.8057632077436
2014-01-06,297,296.86542708808486,210.07070231556347,369.06283846658175
2014-01-07,263,304.4668236973025,229.58300964523127,378.1198820145507
2014-01-08,247,305.76396990329516,228.8354051346688,380.5065523950369
2014-01-09,257,305.56526703695715,236.16782881409665,382.7139713506812
2014-01-10,307,317.67144236121135,249.84058657935267,389.903424093124
2014-01-11,410,393.197781943549,316.80507476828967,468.98104754098085
2014-01-12,366,375.14961252168206,302.9986674724529,454.93718919149836
2014-01-13,284,299.22209305178023,226.6896757802151,377.5335131504195
2014-01-14,273,310.38385644483014,230.02645040242504,393.012347105165
2014-01-15,316,315.1190506202925,235.9940251151929,390.56101637658446
2014-01-16,348,318.1541819720874,239.292969840926,387.4743518745453
2014-01-17,278,333.21226329925787,259.406923071317,412.10400501613725
2014-01-18,406,411.33703169644826,337.88291649430266,488.5377700680652
2014-01-19,432,395.4702619376392,324.09028608620537,470.2215849719239
2014-01-20,261,321.2531867276146,247.23869008139283,396.5806401737191
2014-01-21,348,333.6115205277595,265.3015669469889,413.3843875134242
2014-01-22,410,338.99859901320986,263.1976671232399,416.05818862215415
2014-01-23,445,342.1230079293462,264.4289367244835,415.6989828605811
2014-01-24,424,356.7031826370082,272.48661797095605,426.9677089968954
2014-01-25,464,436.48986553782504,363.56105829809485,511.56440240989133
2014-01-26,466,419.05064458730345,346.6977004835106,495.6720527211264
2014-01-27,366,342.75959176372766,266.5875743039504,416.32293133094885
2014-01-28,417,352.5888476737921,277.1134996520736,426.5896032259452
2014-01-29,389,355.0486898419869,277.8670620666421,430.7908749375255
2014-01-30,419,354.9136916218097,279.7171922519396,431.3510969148632
2014-01-31,401,365.97562671404455,285.7199952487049,438.95735048226396
2014-02-01,575,439.3659194169525,366.08345498492287,513.9558161387538
2014-02-02,496,418.1307148293846,347.13376418184237,493.34333650322327
2014-02-03,457,338.02964172477033,262.66789040615583,406.90767091875847
2014-02-04,432,344.1178370713133,270.1810701146792,424.38313837028886
2014-02-05,404,342.9858254039254,264.4899112038568,411.9799441830086
2014-02-06,422,339.48371450946377,268.2578900657178,412.1991817247805
2014-02-07,0,347.4722809392516,276.3962761237805,426.59076976375883
2014-02-08,481,418.143792057935,342.35949850376187,496.2432903992321
2014-02-09,0,394.5956810855944,322.4938388813813,472.5413672774228
2014-02-10,302,309.93004904696636,235.92107524371238,376.3385373366955
2014-02-11,285,314.6273899805852,237.9303838411176,393.2274094227405
2014-02-12,272,312.59715121433896,237.3456503778333,390.2339509563295
2014-02-13,292,308.6942673001422,234.83926367036983,387.4375458092293
2014-02-14,309,316.7722415877205,238.91879170812803,388.3628298548347
2014-02-15,379,388.00441497384713,313.7871798244008,463.38403813463066
2014-02-16,438,365.45838772990936,297.31709880017064,441.0991688371512
2014-02-17,258,284.8946773216622,210.49235401397843,363.4477402486557
2014-02-18,270,291.34917640254054,215.98273782554486,367.4456008606317
2014-02-19,263,291.37398468650787,219.69898335259617,365.8711638978042
2014-02-20,254,289.7630427101488,212.8815524951546,360.7441950038065
2014-02-21,335,300.30509422569594,222.90670896362232,372.2705570934159
2014-02-22,462,374.10676661904165,300.4782297084835,441.8824351772233
2014-02-23,123,354.16881746689796,283.1496004616035,427.2839455945228
2014-02-24,266,276.186579376039,203.74023586977265,350.6243547820671
2014-02-25,300,285.1341183089827,215.4021192704065,366.6838271707251
2014-02-26,296,287.50663330064657,215.2116851007226,359.92019477908053
2014-02-27,269,288.04748420864973,213.6532555247876,363.44745931436034
2014-02-28,333,300.5023384327785,225.00591860469174,379.0933737358868
2014-03-01,533,375.943196708148,302.38232606732464,446.77887518606025
2014-03-02,424,357.3453240650667,279.7797944994469,432.3874504949981
2014-03-03,254,280.38810388484484,212.6460100546087,355.3878983740777
2014-03-04,244,290.0393241538879,209.1813347158133,358.3803153178727
2014-03-05,286,292.797425901277,216.2267796597424,361.8337888161483
2014-03-06,320,293.41811054376365,220.11115165494803,366.6149202670623
2014-03-07,352,305.6678147697798,234.11483967706002,381.5067806320066
2014-03-08,518,380.646837741724,310.07601462775136,455.4342183458525
2014-03-09,462,361.3651775616538,291.1317787207188,439.5850190055117
2014-03-10,262,283.54213095993595,211.99291763029598,352.9318363659491
2014-03-11,358,292.18920539976904,211.57584281799402,364.68548433663625
2014-03-12,263,293.8509164993944,218.77534816407533,367.836623350362
2014-03-13,268,293.32991192185335,213.52456534511933,365.6402607458447
2014-03-14,272,304.43897502587686,227.9057579525372,377.29110982729895
2014-03-15,411,378.32273649778426,304.79570429687334,453.91740262695816
2014-03-16,369,358.0321920678984,281.6148700844802,430.85841738598816
2014-03-17,246,279.3231177567229,204.6333207984895,357.26784972252136
2014-03-18,258,287.23796471941057,211.9725495922806,364.3197937170782
2014-03-19,237,288.34583388814616,211.2443771275493,360.18508055916703
2014-03-20,258,287.4669925794606,210.1202563876516,362.12030306458985
2014-03-21,280,298.4245004909115,222.08165298533058,381.73580984899087
2014-03-22,413,372.3657803665684,297.58138702611166,449.0917787091349
2014-03-23,427,352.3372310952231,280.25630975228995,427.63078379975616
2014-03-24,234,274.08296727158404,199.09527563271013,348.4560495111591
2014-03-25,300,282.6272529909132,209.6513906273369,355.753868943655
2014-03-26,250,284.51520947397665,212.00284128159177,360.19663196014517
2014-03-27,268,284.5382324804798,205.24351815135415,357.58465568280053
2014-03-28,241,296.486655995796,220.23244400173897,368.0257801177415
2014-03-29,383,371.4724628093667,297.66920589791835,443.0924841659081
2014-03-30,401,352.5051024710267,277.5692047584769,428.7164785379332
2014-03-31,321,275.2914619401044,194.79577911550396,346.975675811298
2014-04-01,270,284.8195177503774,208.2992940802608,360.12565738574966
2014-04-02,277,287.60021130896587,211.51902002760045,362.07032647885256
2014-04-03,264,288.3939474347867,212.97982070113068,363.94805010269584
2014-04-04,289,300.96421997917565,224.5571316312005,373.58485741104124
2014-04-05,404,376.40113667925726,299.0498319706425,451.1938318756527
2014-04-06,443,357.69788027761564,279.0621751860413,429.49086541344406
2014-04-07,286,280.5511334459053,201.5364957107727,360.29595119860846
2014-04-08,272,289.9449847306477,221.75255089828846,367.48070288460144
2014-04-09,288,292.39285198570803,219.50551800343965,374.0911896793064
2014-04-10,259,292.66382479998384,219.89912266271602,367.3576988187436
2014-04-11,282,304.53593758942304,229.60562295282853,377.2355766043916
2014-04-12,936,379.11915945280714,307.5687798153675,452.4059806514856
2014-04-13,0,359.4311573866789,290.08740424692905,444.4013501792517
2014-04-14,249,281.19688490145967,205.87935844448586,354.24095419503595
2014-04-15,253,289.43154188238265,219.89595131776775,368.0273030431244
2014-04-16,281,290.6814739591877,219.6065391307085,365.5257564633141
2014-04-17,273,289.7494467449714,213.2425150648043,360.2758212869506
2014-04-18,307,300.4468420482702,227.39557014303026,376.6923732053519
2014-04-19,442,373.9155961663108,297.005195921951,446.9299732136679
2014-04-20,401,353.2029714798572,281.41970364198016,427.95308253913396
2014-04-21,272,274.06024441624413,201.61118576090882,346.4631619158306
2014-04-22,266,281.52488394773275,204.32680581971093,355.54955622504633
2014-04-23,430,347.12777455511286,278.5837975765088,417.106525088572
2014-04-24,258,280.78320757937934,209.47990569850796,357.5915318968968
2014-04-25,268,291.2103937984488,215.5271615763969,364.4008552196429
2014-04-26,432,364.58567226811823,288.28475741198275,443.4083958470736
2014-04-27,310,343.95216158176885,266.9626752587738,419.07569214356784
2014-04-28,246,265.0517404952409,195.45604995289744,338.31016173540013
2014-04-29,237,272.90765265500806,193.36956676417682,345.11463283644486
2014-04-30,234,274.06535056186755,196.9363940534294,350.00887222145593
2014-05-01,102,338.28497427671317,269.088838545295,411.74001942630895
2014-05-02,301,284.45926945614895,207.97667972302827,356.0510866204262
2014-05-03,423,358.60593744062174,288.9116229600698,429.47468285216246
2014-05-04,351,338.773824482074,265.6516462999325,412.81928099734114
2014-05-05,258,260.6776506066841,182.54909008308076,332.4586018714466
2014-05-06,240,269.31461646470694,193.25273277762642,351.23842274979785
2014-05-07,260,271.2061629910809,196.44556575820832,347.6002675720467
2014-05-08,261,271.12432532466914,197.98178462981082,340.234308517429
2014-05-09,294,282.8451880585305,206.67228447262315,350.4560392371907
2014-05-10,431,357.47221747860334,284.9071998807474,432.5939595962522
2014-05-11,389,338.01251151515737,261.5186947364433,411.39245943486605
2014-05-12,210,260.1769987493128,189.6894468200264,337.47493684219813
2014-05-13,252,268.9641075463775,196.70418149884324,346.4275686439546
2014-05-14,207,270.901445629675,196.02597564053582,345.30226481222
2014-05-15,230,270.7718954020068,198.8939767444735,341.4769272783628
2014-05-16,256,282.36664040399603,209.25618885434062,356.4498451550679
2014-05-17,349,356.8079126200454,283.94512225554564,431.9793264854417
2014-05-18,397,337.1245207244959,261.01913762834425,415.614296895806
2014-05-19,269,324.018176212305,250.24274404728146,405.1814557937852
2014-05-20,248,267.611435702868,192.04462566380226,345.17937510686477
2014-05-21,226,269.35802314119684,199.8693687162408,346.8939393720941
2014-05-22,213,269.09831635246053,189.85856884610496,340.8479080688095
2014-05-23,229,280.64620140384653,206.30937002057175,359.4158149355825
2014-05-24,336,355.14392599021795,283.5917570586023,430.32517115141485
2014-05-25,280,335.6367755383428,262.9918158525345,415.49305306833634
2014-05-26,197,257.8716962612915,183.8868709898593,333.4479339809881
2014-05-27,223,266.87944134419223,192.85003591339768,345.00285408444665
2014-05-28,250,269.21483447487896,193.6292692941284,343.1677851516042
2014-05-29,201,269.68160695933943,197.14009160438613,343.23234695804086
2014-05-30,263,282.08437006580533,205.78988664931563,352.8905813335366
2014-05-31,291,357.55055232753944,283.1173010036659,431.6728013144477
2014-06-01,382,339.1053942929606,264.5117233964795,415.9797605268498
2014-06-02,221,262.4710797672809,187.5845725963998,335.96652526950385
2014-06-03,242,272.6495666128704,194.07169599405705,344.30079941440175
2014-06-04,281,276.1636922452745,198.22534145700953,346.9246306611609
2014-06-05,247,277.7829855329201,205.55833839022284,355.88536085688037
2014-06-06,277,291.27671746597645,219.4126937181593,369.0870766150576
2014-06-07,404,367.7369871717598,290.12546462335536,444.66620127508065
2014-06-08,414,350.15489972849724,279.294433893222,426.98476335826416
2014-06-09,301,274.2208770080537,203.18963400134965,351.78932530658136
2014-06-10,299,284.908626185094,207.2067782097464,355.26215528785934
2014-06-11,258,288.71730322697516,214.52730615047676,362.1575467566062
2014-06-12,312,290.3982670254657,215.61043734196227,365.2800773441128
2014-06-13,397,303.70892346586464,226.67251878627977,381.16647034072065
2014-06-14,404,382.4345603157527,310.6562117294858,459.44499702711937
2014-06-15,334,364.1724052618045,291.4341322177594,432.40487274972776
2014-06-16,276,287.32093040407227,207.47092440659733,364.0426591915793
2014-06-17,253,296.87124917095207,218.33310548490246,369.9996129524295
2014-06-18,278,299.3471385410025,228.17124178237916,375.5944608556982
2014-06-19,291,299.5312846978399,226.90895414516223,374.78875196267103
2014-06-20,269,311.2183946191697,232.57869247734317,393.56887957531137
2014-06-21,361,385.537958110079,304.54864006702303,456.4472900493904
2014-06-22,327,365.52971640885664,291.31356242691936,435.78291499019815
2014-06-23,274,286.94289023064783,215.73795953609925,361.60835566203735
2014-06-24,247,294.81871535405173,218.30430549142943,370.42912134761514
2014-06-25,295,295.7308578484345,219.8895919887041,370.50155712437066
2014-06-26,290,294.5101500034106,221.64924968317257,369.9917902231007
2014-06-27,309,304.9962001390671,234.2203509059801,378.45344011953455
2014-06-28,169,328.698246770426,255.02503848739983,400.4359985419011
2014-06-29,199,308.01112102247123,235.3605256643155,378.6448661900881
2014-06-30,170,229.05050256346524,152.51090707269537,307.28577246695494
2014-07-01,176,236.87627099983,166.46110033815486,308.19967529356336
2014-07-02,228,238.0716487020081,164.51313357523387,316.16852203136534
2014-07-03,229,237.46736952633069,159.24641149770892,311.1670213593552
2014-07-04,201,248.89298908124704,174.57002188203694,326.7936880254153
2014-07-05,221,323.498181563713,248.05562166706326,401.0759020533634
2014-07-06,298,304.3271311774216,228.81529859399419,377.9289753600167
2014-07-07,226,227.11711255828087,149.69319076490783,296.5151038738023
2014-07-08,244,236.88083813498483,166.19626201801344,306.91953133997004
2014-07-09,253,240.1471615294921,168.5552344093459,310.43877563169946
2014-07-10,255,241.68658137677426,162.35081855754888,315.0388143297366
2014-07-11,270,255.26408897243198,180.92970327816607,327.4956208713844
2014-07-12,260,331.9621653763196,261.59557893113265,408.72224778995735
2014-07-13,334,314.7569911969217,243.05098659545337,387.67072919590754
2014-07-14,257,239.31891450884308,167.00357633525647,316.0860831104408
2014-07-15,264,250.59670302678185,173.85775519042843,326.89008818734595
2014-07-16,251,255.06011642335403,181.2713600167176,335.872899945511
2014-07-17,236,257.4271900707592,188.22111039729725,331.3962626746582
2014-07-18,277,271.4187221191621,196.082457946414,345.4637412828855
2014-07-19,325,348.08272115500887,271.7544823411143,427.39663225838615
2014-07-20,281,330.37183379272795,251.43807630654476,407.59201694749
2014-07-21,250,253.94475960635708,183.71685701325816,332.08123615808535
2014-07-22,277,263.75114844384217,187.57368627767417,342.3535246629006
2014-07-23,259,266.2744928723328,193.3557105383529,350.1156561801276
2014-07-24,248,266.25939257824336,190.98984419461675,339.146016234317
2014-07-25,281,277.46567737556245,200.7827587524044,347.6110236021366
2014-07-26,351,350.9921502590318,274.3976178341792,421.7135636352215
2014-07-27,366,394.81994503407225,316.6019207879428,470.48798197607607
2014-07-28,474,364.4052202166289,291.45648803217534,437.8101080362553
2014-07-29,456,370.42237441541016,294.44225661201244,442.609617004735
2014-07-30,414,369.10001535994917,299.6608933950368,448.627676450016
2014-07-31,299,300.30435248245465,229.25113575407016,376.44546603620313
2014-08-01,279,307.8194623947503,235.56869502990315,382.0686592331762
2014-08-02,333,377.86701873500397,307.93918281644363,459.1993397956056
2014-08-03,327,353.54826962874495,278.86682795631765,434.91000136951834
2014-08-04,338,270.67492971927925,199.4459597519594,342.44490102132215
2014-08-05,380,274.3503418433818,199.66434536630882,350.8967390206919
2014-08-06,311,271.20855605654043,193.04965643438183,344.1187567627175
2014-08-07,319,266.1378024363934,188.1210617243277,339.3659956769801
2014-08-08,266,273.0309443296422,208.55836116384808,343.62627213342216
2014-08-09,352,343.1057711565692,261.40785901864444,420.05642522587715
2014-08-10,345,319.4782564224465,241.96165595041947,392.9949868296897
2014-08-11,355,237.95989621149116,165.1139309721785,316.12451521564265
2014-08-12,329,243.63872975059186,179.98554628558395,324.09620060862113
2014-08-13,341,243.11865710015408,163.90893916855245,316.0166299937682
2014-08-14,377,241.24352608536338,166.91419273802384,312.31985979574887
2014-08-15,318,251.8485607517497,172.21179277409018,322.9054006911481
2014-08-16,452,326.08196638525664,254.8622673176922,397.7206286712052
2014-08-17,392,306.9798035966047,230.31668432214545,379.37228515171023
2014-08-18,371,230.26520540816693,147.22718092919294,301.9198015306675
2014-08-19,339,240.93149050722732,163.92093512387493,315.3300556776532
2014-08-20,346,245.4837335327177,169.28646244603578,321.84795719733444
2014-08-21,321,248.66520600535682,173.88221453554615,326.63890972257263
2014-08-22,307,264.2111989747457,196.20473527942573,340.8704500980578
2014-08-23,388,343.17300015953026,265.65525816111204,421.64148139933616
2014-08-24,402,328.4950564701217,255.0447647125138,407.1098569962505
2014-08-25,280,255.81633656415661,182.22932697895627,334.8095037866768
2014-08-26,314,270.05539126057704,190.0857046493109,350.1130645572844
2014-08-27,310,277.65362278012407,199.12500957449376,351.74436414557886
2014-08-28,278,283.30313332740013,206.2740455286437,363.56077977082634
2014-08-29,313,300.70162895448124,227.0993462991706,373.6898020202442
2014-08-30,357,445.84408678784933,369.5949107377727,524.3035592215928
2014-08-31,349,366.7654690834576,295.58885447386024,438.47960528248734
2014-09-01,293,294.01168449549334,212.20753961982518,367.4826492069767
2014-09-02,368,307.5546439869455,236.65842888322803,380.903004153238
2014-09-03,332,313.8695898426667,238.17705861507142,389.05605178579316
2014-09-04,391,317.6948991138713,245.0155517394115,387.93984605793406
2014-09-05,345,332.7856002396688,260.99920897370583,404.95172252148456
2014-09-06,411,410.2364280452925,334.37403880087464,488.69251921389775
2014-09-07,510,393.0574781506705,322.6959220962273,469.0446096274538
2014-09-08,407,316.97352130263226,240.5227938946296,390.07888792834717
2014-09-09,381,327.0065354074132,250.71476518403807,403.52089231746425
2014-09-10,356,329.7160386622389,252.0847083585955,403.81882293490446
2014-09-11,399,329.9236771028163,260.4862544906677,411.23023737795194
2014-09-12,395,341.4646333464454,265.15099956232706,413.84320758865385
2014-09-13,448,415.5086993843232,337.94525294322113,497.0249561769108
2014-09-14,397,395.1341267541426,322.92336585947675,469.0928000472945
2014-09-15,287,313.4272278640028,236.30926687182614,385.14602064167434
2014-09-16,332,320.8561262753388,247.32604255023568,390.3551022698948
2014-09-17,282,321.3212711704992,248.73573916372837,399.7135722271255
2014-09-18,278,319.67185975600034,243.6213249926318,393.9979769826151
2014-09-19,324,329.7587482965265,249.22870836132907,407.0903413963481
2014-09-20,396,402.75549934209863,327.6843496017802,482.94868908726477
2014-09-21,351,381.7325401213527,303.2444034176707,456.6472950614502
2014-09-22,252,302.4555248300046,229.74286226611875,369.02806936184714
2014-09-23,294,309.96747524291715,235.71283529037083,388.4124024962616
2014-09-24,0,310.82928371584137,234.83436924925078,387.11042638601134
2014-09-25,236,309.8450167345176,240.94928149884618,387.76304756199056
2014-09-26,276,320.81455539575865,239.7219710816486,392.7410120368589
2014-09-27,437,394.856371056672,323.1698033157915,468.95662054008653
2014-09-28,447,374.9834920649258,300.0356061182468,447.5509428715234
2014-09-29,251,296.9037002469157,228.4416060050039,370.80958134163035
2014-09-30,279,305.6034774628538,236.18899301317668,380.7404625706337
2014-10-01,291,307.5902336860758,231.32654125788798,385.5419720333328
2014-10-02,326,307.6192051796625,236.80495754292343,380.6958772243708
2014-10-03,502,384.4144755493844,307.7889623833311,462.865582717033
2014-10-04,479,459.1251092380344,380.24224596286916,532.4022321792452
2014-10-05,569,439.7038438831762,364.2228752710772,517.8530548014211
2014-10-06,524,361.8401245011876,293.8032316280092,440.97475996654464
2014-10-07,503,370.51140640484664,290.48519427828387,439.8892213070864
2014-10-08,256,307.258519799879,230.48518259126155,374.23706805242693
2014-10-09,207,306.7805198626478,233.805338705768,385.094024740262
2014-10-10,283,317.88558426891115,243.55267973933357,390.95509683602097
2014-10-11,381,391.682998673125,319.306992112092,464.42067320359314
2014-10-12,378,371.1918242635965,296.86546227341813,443.4872055948514
2014-10-13,270,292.14057991797023,218.15078333848584,371.2652067913448
2014-10-14,249,299.55021720904693,222.69953351161647,370.1377575277469
2014-10-15,225,299.97495594579283,228.1585806054201,376.01281326450766
2014-10-16,241,298.227417348237,224.6414424792452,372.8425690202456
2014-10-17,294,308.1306053716857,231.00606235157187,387.29262266351236
2014-10-18,410,380.8395631469404,300.9715677467442,455.5839920947912
2014-10-19,384,359.4158027621582,281.9056541666098,433.0856423920695
2014-10-20,233,279.6256015492717,202.52777795428509,353.1333710171932
2014-10-21,275,286.52175008466236,208.61725730635035,360.3963660641645
2014-10-22,252,286.6833566090057,210.01380256123838,358.5699964561901
2014-10-23,220,284.9401757592556,212.6558127726741,360.59887734965486
2014-10-24,226,295.1240357684183,223.14269646934085,370.44329934616377
2014-10-25,327,368.3902069296422,293.83903115915496,439.53292094744654
2014-10-26,340,347.7918171140197,272.0069064034353,414.32737683766084
2014-10-27,256,269.0784066150746,195.4440291165001,342.20318819786996
2014-10-28,365,342.2451597859266,269.4710836454049,415.46944862156096
2014-10-29,356,343.9056315722505,270.18977948191883,420.3627378468442
2014-10-30,270,278.85187352487446,208.43650102650983,352.86235283053594
2014-10-31,264,290.8070402605517,217.53732329377343,362.7750644678384
2014-11-01,397,365.91328179591346,289.8843546781073,438.94322311784623
2014-11-02,344,347.17544715364545,269.0677094743852,418.53666079550766
2014-11-03,271,270.29418466229174,195.11625819497502,341.46613240247797
2014-11-04,233,280.24973693262086,204.4430961823065,356.3712539236541
2014-11-05,260,283.5440086478402,204.1317711586419,361.9858842794272
2014-11-06,221,284.92730349636844,209.8124520525585,360.0566306560781
2014-11-07,236,298.1522285106606,216.6113598355064,373.7272055658649
2014-11-08,367,374.29753071702146,298.20581648678706,450.5809862055008
2014-11-09,310,356.34489439414926,283.6633120276025,437.51858714686585
2014-11-10,208,279.979716482706,203.78456213965416,349.3325306950818
2014-11-11,236,290.1753664111489,207.39423817969194,360.97107299436965
2014-11-12,266,293.43545520397026,219.0578616462094,372.45763304551076
2014-11-13,241,294.60923569286115,223.98210956883733,370.61949316263116
2014-11-14,233,307.3789728427853,232.89211495855088,385.98663598038985
2014-11-15,373,382.849380827401,310.37331291135524,461.6228725583533
2014-11-16,303,364.03485129558516,287.34379316572927,434.4441783716405
2014-11-17,211,286.65917667745845,217.66702473301785,358.50163636482864
2014-11-18,267,295.73857472263023,221.41855690886825,363.75302727173744
2014-11-19,213,297.82257700000105,227.58773538712464,376.5350057546312
2014-11-20,254,297.7192134597788,222.2765997143174,368.69398303206816
2014-11-21,284,309.2470387546465,242.22369725114655,385.0288526999778
2014-11-22,383,383.5568228944229,317.32936267386435,459.2425208706012
2014-11-23,391,363.70600069746484,291.66012301484545,439.19839495141053
2014-11-24,229,285.45697025314234,210.67400057697068,359.92537716895066
2014-11-25,272,293.85882363105463,212.86400423473452,363.3953909632611
2014-11-26,315,295.48711365239336,226.42324075685409,367.8803987570684
2014-11-27,307,295.16812487584883,216.1068689271624,363.80172862948973
2014-11-28,307,306.73022440150777,232.3701468774293,381.5804589989357
2014-11-29,393,381.32513788855607,299.63680868608674,456.8042942423375
2014-11-30,339,362.0022602686079,290.71458241464427,431.98433636011663
2014-12-01,248,284.50709808570355,210.2808160044489,363.65333767032143
2014-12-02,258,293.8634248741663,224.8287388071669,363.8549496557563
2014-12-03,254,296.61374302060034,220.1796221140271,371.9498586865993
2014-12-04,186,297.5445016250818,224.8685159185863,373.21946966593276
2014-12-05,289,310.43861955730074,234.3426003752276,378.69520566486113
2014-12-06,401,386.3981256780596,310.9207111308256,458.338580976961
2014-12-07,398,368.419986215954,291.41002892579917,444.12531303741025
2014-12-08,256,292.1961718178262,214.66706894623005,368.0833197640303
2014-12-09,277,302.69749763723695,223.29766221351503,381.996445320425
2014-12-10,292,306.4157796387799,229.16080402816684,379.7981899141246
2014-12-11,272,308.09070561832056,230.83497486744437,385.06352262884286
2014-12-12,324,321.4639198820996,244.19570789967273,399.0374719640843
2014-12-13,450,397.6030855592289,327.64900638933653,473.2722456336956
2014-12-14,428,379.4789502324777,302.8617932308208,457.2653820011969
2014-12-15,206,302.7664281234368,225.41026108708215,383.5973689290741
2014-12-16,252,312.42919912918927,240.02869087124515,388.5498982430827
2014-12-17,272,314.9623420535841,236.80882327211242,387.75201005270736
2014-12-18,300,315.16158425519717,242.44954474481116,392.3700180990548
2014-12-19,329,326.75064988122614,252.3259373643133,406.67244790094605
2014-12-20,428,400.8314856206467,323.34719176497316,475.36357227427175
2014-12-21,405,380.4183832505781,306.5421377438766,450.8104086712213
2014-12-22,564,301.23803741488257,226.41017860687668,376.9996959200429
2014-12-23,0,308.31286338554423,230.58365127900825,376.64320229760847
2014-12-24,307,308.20212580210466,234.79990037698457,384.89826599613036
2014-12-25,287,305.72729949379453,233.72261526081698,384.30155520213447
2014-12-26,259,314.7241981846531,236.1003823337978,389.2658804597945
2014-12-27,393,386.3646851960136,306.2108398462839,462.25294718439324
2014-12-28,391,363.7310539048665,285.4536443178468,434.807286178225
2014-12-29,278,282.61416350256815,208.47050533022565,357.35414508300516
2014-12-30,372,288.0949108700654,208.3012011308313,359.70993350381826
2014-12-31,292,286.78364239970864,209.83806814055256,361.2497738490366
2015-01-01,393,348.51093801457307,271.4316555740333,427.30969357958406
2015-01-02,423,292.2436173362766,218.31807899609572,362.6112563302591
2015-01-03,382,364.07501345502266,291.4469559033595,441.15736846151907
2015-01-04,326,342.12897999340294,259.99491324597983,414.1570616468783
2015-01-05,227,262.1923947765844,185.019243220196,331.7376127561336
2015-01-06,276,269.3295636357697,194.96595749678843,346.2668984912105
2015-01-07,279,270.121864827156,196.48144916519507,343.6759080036689
2015-01-08,304,269.3921396640647,190.34364899891318,345.04188653806466
2015-01-09,167,280.95639718587125,204.1452872284386,350.964184532306
2015-01-10,377,355.94566400052963,285.1396024100164,431.69222920186667
2015-01-11,387,337.3810685400595,265.1379285788562,412.16507870860494
2015-01-12,221,260.9732310943156,192.19815633728746,334.9316351733079
2015-01-13,276,271.7055109334216,196.27019688315372,349.45010861114616
2015-01-14,241,276.07567029246184,203.69942842299815,350.5548131279748
2015-01-15,250,278.8223684768317,201.2084230736348,353.40187595490374
2015-01-16,289,293.6789975724166,218.3818785855502,370.302689755027
2015-01-17,0,371.6976336619035,296.98868825424586,443.26662524080115
2015-01-18,383,355.82613625164583,279.85038894290903,427.1633687013072
2015-01-19,276,281.7094130060356,209.07212415974297,357.8954033532299
2015-01-20,278,294.2743506225729,220.60295063400784,365.41742304023086
2015-01-21,292,299.97292631566245,221.68010559166407,377.3401186725799
2015-01-22,297,303.51014366570547,230.32400652455613,373.4758510941666
2015-01-23,441,318.597926211835,239.0026181040453,393.13516667598327
2015-01-24,349,398.97854658772815,321.1030742902991,470.063441682507
2015-01-25,389,382.2091163147725,306.15920700438994,455.65969652049813
2015-01-26,331,306.6514957752065,229.7764141119178,376.4800400649413
2015-01-27,256,317.2641937125678,240.87715134367284,387.3447440259679
2015-01-28,325,320.54278519603207,250.89221191996418,393.62524557640137
2015-01-29,360,321.24644545606657,243.1582181152427,398.01303117838273
2015-01-30,336,333.151244418027,265.7893379466778,411.20403885119487
2015-01-31,338,407.37299154788286,335.2921689188747,475.2738906278632
2015-02-01,309,386.94269465890073,313.7050845484021,463.37053203884386
2015-02-02,305,307.6056950674632,233.62345392665543,384.29530007813867
2015-02-03,328,314.4040382583281,239.5898726172116,390.8463016652072
2015-02-04,377,313.9166642467089,237.61227914072566,389.5566672596041
2015-02-05,356,310.9838711760231,239.0270874926577,382.4136264245472
2015-02-06,355,319.4586186154258,239.88655155880542,391.72694674049376
2015-02-07,392,390.52751259786584,313.04576472575155,465.94334653964967
2015-02-08,380,367.28458447987435,291.09179382557784,447.8854373936865
2015-02-09,227,282.83083577662325,208.12872471677028,361.49326535083526
2015-02-10,272,287.6479448793605,213.31232152857436,362.8932431149125
2015-02-11,294,285.6487487807492,208.11287253045398,361.27433147087294
2015-02-12,265,281.69364136074523,209.056999136416,357.5605325767499
2015-02-13,329,289.6434667214333,217.44260980449346,363.59176252338926
2015-02-14,464,360.6805530185552,282.3267250208762,430.68455246133936
2015-02-15,358,337.8828598262862,262.48480401520857,411.81651001633685
2015-02-16,248,257.0223300953393,181.04643352365827,335.2059564895808
2015-02-17,242,263.1470197995471,188.58753162962444,336.9532869399561
2015-02-18,212,262.8215884000168,193.79965556362092,338.13577222608336
2015-02-19,219,260.85258779861334,179.32945721199954,333.1582101693655
2015-02-20,235,271.04108614143996,195.3718498489614,346.2610387616444
2015-02-21,425,344.5054251754905,265.20415506073084,419.26098264275987
2015-02-22,399,324.25716800846607,252.31897632934155,398.30988159309095
2015-02-23,221,246.00127733068769,165.30758777570546,317.09599921670446
2015-02-24,217,254.72004619373436,180.15301917717477,327.76390457208595
2015-02-25,240,256.9153149197609,183.51385200805117,334.5857064497144
2015-02-26,242,257.335365032296,183.0983208127806,332.111032958539
2015-02-27,307,269.7289842846943,193.54693305863628,346.5647060983058
2015-02-28,342,345.16946359235396,265.35120192690295,416.4610841541475
2015-03-01,333,326.63155232548286,256.29746340238256,406.88731335197883
2015-03-02,257,249.79238782099625,179.20517263854697,321.7102903953416
2015-03-03,244,259.6159050663701,184.84255419566884,333.13411886355664
2015-03-04,229,262.5952519833753,190.5288334807617,338.1374637306492
2015-03-05,237,263.4796013032961,187.95235389778446,331.41187822837827
2015-03-06,242,276.0278609206751,196.61999859648486,350.0709697649957
2015-03-07,377,351.33205997502785,268.8606880527988,421.39146723137736
2015-03-08,365,332.3934595159567,261.3015475501794,394.13096729631616
2015-03-09,275,254.9224333006545,182.49459728565117,329.06861062500593
2015-03-10,197,263.9216594598536,195.55537263031488,336.4791524990611
2015-03-11,227,265.9271876429141,195.02789196681,344.1574075772461
2015-03-12,266,265.73381496451026,195.2484269466631,342.07899699490224
2015-03-13,268,277.147316818295,202.48491486351529,348.6718679258315
2015-03-14,415,351.30635451453924,279.1124755132045,424.6673551105082
2015-03-15,367,331.2571524986427,257.4170052286261,409.0898123693145
2015-03-16,230,252.75203251915684,182.2081801901011,324.92929258527903
2015-03-17,243,260.83138399245723,187.46809093511456,331.86437786942025
2015-03-18,237,262.0636693016345,189.3949136573064,337.1684624319195
2015-03-19,279,261.26992611676644,193.44675646598043,337.30609027591106
2015-03-20,328,272.27533544555484,201.37142115044543,347.4589429400184
2015-03-21,371,346.23069328124075,273.1922922923209,424.07691672167533
2015-03-22,285,326.1868874163445,252.0963580721869,393.6690658366224
2015-03-23,234,247.89346832785438,171.5387528114293,323.2908374922858
2015-03-24,262,256.3808877039965,186.14896577551968,333.37771437815496
2015-03-25,257,258.200990731026,180.47898246303475,335.5998377263872
2015-03-26,262,258.15220513998344,187.28435178401742,335.3693474308537
2015-03-27,268,270.03197083922953,193.7139504193725,352.47007311298347
2015-03-28,391,344.95921815356,269.45431839444933,424.03574362545953
2015-03-29,370,325.9499624086515,250.44636581491142,402.82060390921305
2015-03-30,246,248.71706702999725,179.2635724494206,322.68437466370267
2015-03-31,261,258.2537102653742,186.35093495102225,330.6640721192056
2015-04-01,228,261.07510263824,182.6809597500875,337.3087186779996
2015-04-02,287,261.94485980643657,189.6444926558893,339.80693288154515
2015-04-03,304,274.62853816729057,197.6189040707984,350.07229605632614
2015-04-04,415,350.2171076552102,279.3490140597225,426.81184387468994
2015-04-05,409,331.703399942176,260.7235968079566,406.2330657825048
2015-04-06,255,254.78255937177474,182.56043844407387,334.3509567522068
2015-04-07,293,264.43601251230047,193.45255990651881,345.49777224014116
2015-04-08,253,267.1734902523598,196.53637549020848,343.1300400352984
2015-04-09,287,267.7595003305032,193.6862402716196,336.9682723517592
2015-04-10,292,279.96675739589296,206.18113276909267,353.27955049171175
2015-04-11,405,354.8993513275956,281.5522872316253,430.61108284449796
2015-04-12,290,335.56870440839333,255.94218597111785,408.44939776044816
2015-04-13,232,257.6933629708998,179.6967609012889,333.82911869825836
2015-04-14,234,266.28216270584016,194.1152300302194,343.3814983175663
2015-04-15,249,267.87532924282567,194.22514084333991,342.98244697444596
2015-04-16,251,267.269942994805,185.8531733058561,342.7287437391421
2015-04-17,215,278.27230887122545,202.43370725157158,357.04521524627233
2015-04-18,378,352.02004641428505,269.07994613684804,418.410474277448
2015-04-19,368,331.5569859905473,249.6139150152056,407.5489699403399
2015-04-20,250,252.6319507744464,173.633055050902,328.06195658615286
2015-04-21,206,260.2809958491597,185.54538012677696,337.09140534414337
2015-04-22,235,261.0676951678858,190.2046758913063,338.3703097979467
2015-04-23,344,324.77489212976207,246.86159624819717,403.32188085750136
2015-04-24,240,270.32174413103604,191.71616475617068,339.25133452874223
2015-04-25,336,343.7550842316857,268.8515115038424,417.2660525007959
2015-04-26,315,323.15454109087864,249.39629968141918,394.2501241646949
2015-04-27,227,244.26615427234074,169.7090471902166,322.2144142806825
2015-04-28,251,252.11786119278025,179.0948992950286,323.6085155903104
2015-04-29,228,253.26016856758469,174.03699051628232,332.66936973233453
2015-04-30,259,252.4914866691307,177.19493551102101,324.8405273428302
2015-05-01,53,328.5776295359248,251.52200684019613,402.399225366886
2015-05-02,342,337.7395570422438,264.7465039684537,410.5410927854151
2015-05-03,367,317.89861845906694,236.93813362918118,387.2102533283339
2015-05-04,237,239.80669608987483,171.05793302794652,319.7638354968317
2015-05-05,244,248.4644390955629,177.5935889463691,327.07626600552504
2015-05-06,290,250.3959439959125,175.84728763846974,323.30129058924206
2015-05-07,250,250.37501960269736,172.49016259708404,329.22030590696863
2015-05-08,271,262.1785849442536,180.29780628602023,333.875719368902
2015-05-09,402,336.9099778571648,264.3601580192814,409.4610893286432
2015-05-10,341,317.5752157471194,242.55142040433174,394.52710106145963
2015-05-11,232,239.88323965545254,167.76829409818043,313.64335205237967
2015-05-12,257,248.82966122017788,173.95523433994674,321.3091821171592
2015-05-13,246,250.93855032388402,174.74108242463655,327.20569327491484
2015-05-14,251,250.9886651653603,179.86877326886562,324.64963057717165
2015-05-15,247,262.7666356747855,189.5474495426853,333.90587085049333
2015-05-16,322,337.3898847369128,265.62680328566864,406.5893694304146
2015-05-17,305,317.88234146360327,243.51706045151016,398.7860890470795
2015-05-18,233,239.97399565287597,163.44461155794838,314.4806177701866
2015-05-19,289,313.6507975697583,238.9735309814933,389.51033322303323
2015-05-20,212,250.5607371305508,175.75731424700385,327.74057865824886
2015-05-21,229,250.40872697716082,172.93733598204997,321.781012104413
2015-05-22,233,262.0391790995351,182.24113886777585,335.9915875735493
2015-05-23,322,336.5927473493585,254.1239469889456,413.7014015505803
2015-05-24,323,317.1141318137558,242.9745710193246,394.96657065820847
2015-05-25,212,239.3507581146468,162.90166154320252,315.4673540829201
2015-05-26,208,248.3349437725736,170.46299809542978,320.7700723309789
2015-05-27,218,250.6241445219453,177.2803982086237,324.437096800406
2015-05-28,221,251.02573669462916,178.5985525000751,324.7829233117146
2015-05-29,267,263.3488984218094,190.49555773139332,341.7162250974015
2015-05-30,347,338.72642170021555,261.1570470589951,414.9505959497478
2015-05-31,345,320.1895512757032,241.5713743073716,397.54089882900655
2015-06-01,220,243.46693390662045,172.76263293648972,321.54802344897985
2015-06-02,258,253.56724651514182,178.58269392600178,326.8133930120951
2015-06-03,251,257.0200845744597,182.085418297461,330.7893168050573
2015-06-04,251,258.6015492170531,184.26584299239718,335.506155693603
2015-06-05,281,272.08707258942127,196.91734517888256,348.15637992224214
2015-06-06,372,348.5742853304513,276.3577062699437,425.9675567781357
2015-06-07,343,331.05898985538175,257.1122379474863,402.9568855225866
2015-06-08,337,255.235287589016,184.43425427005081,326.9099140070002
2015-06-09,324,266.0793911840134,195.10520454388615,339.87353430224067
2015-06-10,283,270.09166468014337,196.42957841387832,338.61079412020246
2015-06-11,310,272.02329200332764,196.18708331137927,350.40745608951516
2015-06-12,416,285.6300746598466,205.7013196518945,361.9877404248977
2015-06-13,388,364.6942722802131,291.825326798126,442.20337707299103
2015-06-14,361,346.80869874728256,271.70797766630875,420.3728583588774
2015-06-15,297,270.3661176476928,189.35417277854089,346.69305194227104
2015-06-16,336,280.35077101297514,196.65970944603086,349.17879261897696
2015-06-17,326,233.6181125597813,156.85086929776244,311.4604372563953
2015-06-18,174,234.26310364368547,161.7876416737423,306.8840757259332
2015-06-19,175,246.41079798840255,173.63676475117268,322.0401597457736
2015-06-20,252,321.18120779315836,248.50531664240998,394.80404609017603
2015-06-21,260,301.60458902558906,225.35780878177883,376.1333424667588
2015-06-22,201,223.42095513022502,141.03783578878057,299.9868356762916
2015-06-23,200,231.66289810199882,157.88762154769532,305.6892517697218
2015-06-24,191,232.8962804223269,159.90328185456838,306.8006670350473
2015-06-25,194,231.94523027962362,156.77953688581732,308.56432382273584
2015-06-26,198,242.64398574178432,166.96813429453258,315.11845686370947
2015-06-27,229,316.1584101908761,236.92846241963025,391.92976429446566
2015-06-28,242,295.5602731096685,221.09321915679217,371.33804134837226
2015-06-29,203,216.62538606756198,139.41653886132613,292.64490759564575
2015-06-30,238,224.41517690964645,145.73851824907098,300.45865263651575
2015-07-01,240,225.51630596477776,153.72075650323018,297.82469098658606
2015-07-02,226,224.7647927609554,144.8374073351378,293.8525161295887
2015-07-03,243,235.99722958759602,160.5707255908083,312.77711672102106
2015-07-04,280,310.37192848641723,237.55047000494795,381.1571810341378
2015-07-05,309,290.9431128151667,208.67637527152283,362.9685323836266
2015-07-06,253,213.4592524388671,132.65836771323973,282.44173205634695
2015-07-07,285,222.9451265175612,148.77182472860162,298.87756919204213
2015-07-08,221,225.94221025896275,150.03493466261338,301.2103219196498
2015-07-09,317,227.23383834940037,157.33583124493128,307.36634706558954
2015-07-10,284,240.59769762002014,169.9258033783695,318.8641444140569
2015-07-11,330,317.12846430747896,244.5836494170528,396.80841491312685
2015-07-12,351,299.81365917043723,230.41157016054834,377.5443638853525
2015-07-13,233,224.33377597230827,150.00096280197553,302.14296373285833
2015-07-14,288,235.6462192505663,162.21762252186105,306.0307451246121
2015-07-15,277,240.22759650980743,166.99297549183746,311.79727892337905
2015-07-16,326,307.76772609506736,233.89671889284838,385.5343219945147
2015-07-17,442,371.49005945077283,301.2514902092468,445.437081081298
2015-07-18,508,448.31540012302133,372.51853673953,523.4261388764148
2015-07-19,479,430.85470299807855,354.65122784930236,508.0184828286769
2015-07-20,321,289.79513173629124,215.75543581980816,364.6832046100593
2015-07-21,333,300.01332134927964,223.29330866934362,376.6005762219855
2015-07-22,301,303.0166242518012,227.6590624195956,378.92003372182114
2015-07-23,324,303.5384058429268,227.4695950515764,374.49841577142985
2015-07-24,283,315.3254491023792,244.63673476487446,397.5195880352288
2015-07-25,331,389.461993177306,313.48606990929335,462.6046793794271
2015-07-26,324,368.94647020123324,294.63965351031953,448.28506846129164
2015-07-27,295,289.49196202134186,215.01988473147233,359.33165909500036
2015-07-28,300,296.1098936875926,224.7837097283167,377.59555715043416
2015-07-29,282,295.3515052661025,220.69177240010222,366.647263902501
2015-07-30,290,292.0335138897586,225.03397198964257,370.2940706490108
2015-07-31,306,299.99049316013395,231.83802660393903,374.7843234965834
2015-08-01,305,370.3967760863893,294.9253531744295,443.8526001582109
2015-08-02,367,346.3409623997233,271.5278504864234,423.87851229702085
2015-08-03,324,263.6241101035349,190.0706864927095,334.16169381267895
2015-08-04,336,267.34118782958376,193.04140240847042,344.94354311513877
2015-08-05,307,264.12038920015647,191.88255411782842,336.51978080964403
2015-08-06,361,258.8467790081517,185.64922188108898,330.43121155483317
2015-08-07,283,265.4128528949128,189.8119272918134,343.84335487285966
2015-08-08,337,335.0388664222122,257.42444503628866,407.6607179515971
2015-08-09,331,310.8460578352607,229.363345025539,384.3536866887334
2015-08-10,293,228.65388035762055,163.2873525878052,306.4186632857935
2015-08-11,324,233.5608480607919,152.89032329452118,312.70040187602933
2015-08-12,330,232.1836146845939,161.6121050370822,309.9849558011415
2015-08-13,287,229.38076354599545,151.23881562494302,304.71133132494066
2015-08-14,350,239.0038884384196,170.97460343949967,318.2642276706024
2015-08-15,371,312.21880952907327,236.4736094582344,390.4588927129132
2015-08-16,328,292.0800268530129,220.22592929973408,365.284852840207
2015-08-17,308,214.32949628832853,135.99608065775402,288.7245774948926
2015-08-18,315,223.97929267356912,153.48295865902838,302.0469943709747
2015-08-19,329,227.5527326714925,154.94966181322064,304.6611556386568
2015-08-20,280,229.8103826407666,159.86417471977828,308.2401048384048
2015-08-21,263,244.21052785534846,170.39575701980934,314.1288314369868
2015-08-22,338,322.1116163356485,248.58702566626567,393.35828110058884
2015-08-23,395,306.47025784520287,231.29923267910968,377.5968057108159
2015-08-24,290,232.93526089096864,159.31706775545754,310.30930876105487
2015-08-25,312,246.4324824205268,170.287424659842,319.54925055831364
2015-08-26,305,253.40795233855468,174.22645930789622,328.7741541867766
2015-08-27,287,258.5556467110995,185.9525725693974,331.0804112708816
2015-08-28,268,275.5723870738874,198.01940884593338,348.99113672064317
2015-08-29,328,355.48261194409884,280.9973731778348,433.5074674614651
2015-08-30,348,406.18299398170905,326.21704683496165,477.28851257073234
2015-08-31,316,268.4091758759405,195.23214992132668,340.8551296696781
2015-09-01,341,281.9903128066153,206.4174205872753,356.0071775818991
2015-09-02,335,288.4222846698093,211.85831606272407,365.8766086188117
2015-09-03,327,292.4296169594495,216.13790838275003,365.73908987815423
2015-09-04,327,307.75241617131263,236.8248464572871,376.16393250440063
2015-09-05,370,385.4698265461688,310.4921874109185,463.7868663426968
2015-09-06,376,368.5760966921373,293.5331257373233,441.51511836086576
2015-09-07,283,292.78030526880326,221.82844800996784,372.5099089589809
2015-09-08,310,303.08929239648506,230.64917019493518,374.7265081485693
2015-09-09,291,306.0483694940499,235.44626070694198,380.7391340810871
2015-09-10,306,306.4662509106991,233.25556832519436,382.35272372468285
2015-09-11,271,318.1667651865161,243.44606511744567,389.795485648394
2015-09-12,442,392.3101811039702,321.7742551286304,461.68488256154114
2015-09-13,414,371.9672556303468,294.50836510372176,445.3130026350953
2015-09-14,289,292.9171062591259,215.13602268886743,364.65693368444465
2015-09-15,285,297.5303692380042,220.34510754032254,369.61832092728724
2015-09-16,303,297.8010582005365,223.47350948407382,374.65646305564553
2015-09-17,289,295.8816004399253,220.06463415735192,369.40782187060137
2015-09-18,332,305.6263013238384,230.8395590351269,380.9960352880169
2015-09-19,371,378.21408828207046,304.8722385385245,451.45252445056
2015-09-20,342,356.72244858049277,279.7058414027892,429.15150600934754
2015-09-21,303,276.92552742616175,202.75024046866668,354.8167610146872
2015-09-22,357,283.87596915789163,206.9711300068729,359.6421585600566
2015-09-23,403,284.1450948195146,210.3271902472348,362.1273810453895
2015-09-24,316,347.51482569035346,268.222370942825,422.03740778986213
2015-09-25,345,357.8405685483619,280.39375955846964,426.0178239834065
2015-09-26,370,431.2401021311488,357.4672374615388,501.60777045945724
2015-09-27,320,410.7366841912228,338.22108080881884,484.12481416044983
2015-09-28,258,267.0805045601461,187.44469745085888,341.79756423895316
2015-09-29,285,275.20020533405034,207.9548139836316,352.45744008515106
2015-09-30,242,276.64310722702413,206.3874206720304,350.4249316966677
2015-10-01,248,276.16976780928564,200.43785963517198,352.2864482447497
2015-10-02,280,287.540944633083,210.79585924899013,364.83080661463885
2015-10-03,399,361.8414946064845,286.00423745377185,433.6455282544396
2015-10-04,358,342.0572730293447,268.4553200509449,418.9513470837668
2015-10-05,271,263.8760460213544,188.46938872882538,341.57226584557185
2015-10-06,252,272.27191842081317,199.974236658418,343.8206624137014
2015-10-07,261,273.7477975364315,203.18585383638356,353.3205703267211
2015-10-08,212,273.0622777066094,199.9640330827941,348.86784737794767
2015-10-09,266,283.98344075431163,207.890076797777,362.97293899009316
2015-10-10,343,357.61234230798533,279.3012702020812,430.7329632501554
2015-10-11,327,336.9592253629596,265.66247305550087,413.20488876373366
2015-10-12,187,257.74349924786776,184.26587198246926,329.57825034848383
2015-10-13,251,264.9770177170654,191.9767432850489,341.66213557764587
2015-10-14,229,265.2052144181671,192.81836762834416,334.9657808117215
2015-10-15,255,263.23252358227944,190.2471036915041,337.8590242998658
2015-10-16,279,272.87462763804155,194.10156928288703,342.29715236539386
2015-10-17,369,345.280350617444,272.5201599496883,419.52341141570196
2015-10-18,306,323.5062884321875,245.12881764615952,399.33263987814337
2015-10-19,201,243.31526319366344,166.29266675357158,314.5933723474671
2015-10-20,267,249.75818213601463,173.48427522318283,320.8308959096302
2015-10-21,271,249.41390266968574,175.63955795102052,324.3839473561664
2015-10-22,260,247.1135698335014,174.5146560158303,327.83634355956167
2015-10-23,249,256.6920002865411,181.8920727903228,334.28275946840387
2015-10-24,411,329.30895721149335,253.787282441156,405.4855567171978
2015-10-25,315,308.0234250402915,231.0944197153603,384.7830998860125
2015-10-26,253,228.59198083450943,149.81891178877027,302.93531571159
2015-10-27,256,236.05084410709838,155.5567396110689,314.8266859594033
2015-10-28,322,301.9231609475569,233.11858654862962,374.01957185980933
2015-10-29,293,301.07620409192737,228.76579678455133,372.9589256287474
2015-10-30,229,247.30850158253375,163.5744604477397,319.59653181715424
2015-10-31,364,321.67224682199804,250.57854556546624,395.0780466557272
2015-11-01,302,302.2140628519093,225.37337015219418,372.0438464891069
2015-11-02,273,224.6426383778957,145.72655237563498,299.68372281699016
2015-11-03,235,233.94531115205163,157.80632825508522,302.6629056396692
2015-11-04,218,236.62991544143227,159.0741232523281,309.46959643012264
2015-11-05,236,237.45133524223488,163.42546358554594,312.55375210837474
2015-11-06,275,250.16526724967053,172.16222199344818,326.97743387543545
2015-11-07,351,325.851962930899,250.14030834941045,400.8151420271217
2015-11-08,378,307.4929809961736,230.48944199343964,380.8816082664083
2015-11-09,214,230.77196928473518,157.8098873341419,304.7999265535694
2015-11-10,237,240.65898221234525,165.7120423430011,309.1670003037089
2015-11-11,240,243.65285696695403,169.92120931835981,315.80286147551135
2015-11-12,227,244.50803487280598,170.41272896416237,318.4751324934082
2015-11-13,249,256.9883231873396,181.2372411012065,329.6738987349312
2015-11-14,329,332.19036623146695,260.3629286586821,412.268094874683
2015-11-15,340,313.1198650315023,238.14583681842632,386.10468900929817
2015-11-16,206,235.49158046713376,161.03753526284675,312.1810424493688
2015-11-17,246,244.312649672075,170.88553525289666,320.1440227557606
2015-11-18,231,246.1237693978791,171.90051187516113,318.271086922834
2015-11-19,257,245.72466927636106,174.71312814042957,320.34407709228213
2015-11-20,248,256.92641167659656,182.04363099595642,334.9153448808494
2015-11-21,345,330.87333213731705,259.923769350935,404.6745519839478
2015-11-22,328,310.61770693477564,235.9017501137278,384.3002501581156
2015-11-23,207,231.91823101850292,160.40039604376827,307.28361882572887
2015-11-24,215,239.8218837095677,164.30976810874463,318.0188124041483
2015-11-25,234,240.90378145807784,162.94681485824103,317.2837391980052
2015-11-26,225,239.9914827557457,164.55013647234338,310.56046616031045
2015-11-27,267,250.91631931718632,176.72875884247696,326.2768767553185
2015-11-28,374,324.83459905082896,253.80669556332748,397.8959828121624
2015-11-29,349,304.80179204543686,233.0135324011811,378.3247263106837
2015-11-30,215,226.57079983389943,147.25110163402462,304.28539977445536
2015-12-01,251,235.17389415064602,162.29774568544585,309.1675434485773
2015-12-02,262,237.16292479984278,164.27714956914997,314.6661040930003
2015-12-03,272,237.33425348554246,157.86429169167462,315.54040198406904
2015-12-04,289,249.48097100716373,170.41244673557162,325.42982311296475
2015-12-05,339,324.7152193052512,248.78073351138372,398.8365060851135
2015-12-06,339,306.0436968547385,229.30878875158746,381.5849525244549
2015-12-07,172,229.16741056780774,149.3429554230454,306.24818253939213
2015-12-08,187,239.0652166350657,166.95549911304826,315.21647235991765
2015-12-09,185,242.2357027558941,168.58250010055713,316.0604925439044
2015-12-10,224,243.4238187561889,166.95634851487245,319.48677301933725
2015-12-11,219,256.37476212878227,183.86913916118988,329.7791155640394
2015-12-12,287,332.15788890579387,254.1783904166851,407.3143010967881
2015-12-13,349,313.74368064105437,240.8315821639561,387.17598337685683
2015-12-14,187,236.80478432782496,159.11259039371149,311.97877213489534
2015-12-15,179,246.30062751769947,171.96621191890708,320.46838738422423
2015-12-16,183,248.72012626423032,172.3893077215541,321.28150139992914
2015-12-17,188,248.80886516849915,171.72009066149158,323.70436747276955
2015-12-18,222,260.3232361865968,185.51603391857137,337.4202649653688
2015-12-19,366,334.35429523838445,259.32704001719304,409.3561001059323
2015-12-20,304,313.90436490691354,236.6977414004264,384.87636927335313
2015-12-21,190,234.68740659255647,158.15540144782403,307.662335870848
2015-12-22,216,241.71267981675288,166.06490567396963,315.0470416289265
2015-12-23,194,241.52623023880474,166.6158182300566,313.32099827658664
2015-12-24,231,238.93661747168616,160.49234373896869,313.58230796675093
2015-12-25,211,247.76740817030688,174.05936809348003,320.13810879018496
2015-12-26,301,319.17923817219474,248.2999721942145,392.02293113062007
2015-12-27,315,296.2445213980273,222.89994473709615,370.45329928255035
2015-12-28,185,214.7458815779744,140.3461914065503,287.63210492602565
2015-12-29,222,219.75787899143975,144.05002984607066,293.1023815905087
2015-12-30,265,217.88662851781888,144.5935369884018,297.472178406346
2015-12-31,208,213.99377349099117,140.02497150492974,290.4593224453696
2016-01-01,296,286.91435292243307,213.89796412076763,364.41098352742125
2016-01-02,360,292.94268131870115,216.0735370164931,370.3334440219171
2016-01-03,330,270.07555174469377,201.6543630192757,340.563772264115
2016-01-04,161,189.1402180028917,112.79388892229237,264.069898956276
2016-01-05,186,195.21040797196702,124.5763876540927,269.40177917675896
2016-01-06,205,194.87878935576458,127.23914010981345,275.1329669691758
2016-01-07,190,192.98109131717572,119.07466110299228,269.51585382152683
2016-01-08,183,203.3474953059861,128.97676809009508,270.6850909284898
2016-01-09,273,277.1241343363583,209.3775694340295,345.79219776732236
2016-01-10,249,257.34779957692797,182.4784031775365,333.0059548504666
2016-01-11,166,179.7449353970309,108.99934061082993,248.0989558008097
2016-01-12,181,189.31448493977604,114.31412508171944,264.92776915625075
2016-01-13,184,192.56915675708592,117.61292911091206,268.7151975184645
2016-01-14,182,194.261536483384,123.44024639571066,263.0342813914249
2016-01-15,212,208.1375653408841,133.31848506321793,284.0082956139801
2016-01-16,278,285.2601690180883,211.777207119414,358.40120994729085
2016-01-17,275,268.5860783114584,197.9979819908501,343.2942457673304
2016-01-18,165,193.76686612717862,115.80706708464693,265.89493301889
2016-01-19,208,205.73370777871497,130.64977017568742,276.0357847133249
2016-01-20,197,210.94038358262333,135.6374342743481,283.00816999692336
2016-01-21,173,214.0909010095297,136.4239236246647,288.24627139653865
2016-01-22,315,228.8942176073063,157.74011243218644,299.9333737547289
2016-01-23,237,309.0869482734331,236.092857157202,384.07749010794237
2016-01-24,294,292.2182730339149,217.1433354730354,366.49104000494134
2016-01-25,220,216.64005391965748,143.26630606149158,291.83744848192504
2016-01-26,233,227.29899390242,157.1503103643283,302.21025498694695
2016-01-27,215,230.67735967521344,153.6732041420032,296.68219865162996
2016-01-28,191,231.5198573284692,155.42831753351126,305.89838635451827
2016-01-29,249,243.58729642909023,166.8942693745076,314.82179835841424
2016-01-30,279,317.9798220847416,245.02388304043762,390.5614348412386
2016-01-31,262,297.71276819601013,219.2377694836361,372.03509048725317
2016-02-01,229,218.5161836949419,143.36754115527418,292.24387161829367
2016-02-02,213,225.41758051926442,154.11781023946938,297.5009459437698
2016-02-03,226,224.98247753336207,145.1157093274029,298.1617926049467
2016-02-04,230,222.03918469852854,148.87366508659187,299.1237636241127
2016-02-05,238,230.43038568808552,155.99248979645662,303.4754821511356
2016-02-06,320,301.33435392550996,224.21229605499454,380.88079579249137
2016-02-07,271,277.83890844977594,209.2395543367814,352.31464329412637
2016-02-08,135,193.04107762270442,122.10060022980444,267.6209397518802
2016-02-09,218,197.42086408336812,122.84620146762343,270.7736789242649
2016-02-10,198,194.89172326766754,123.35543708094248,268.28034421976344
2016-02-11,205,190.3168979445033,119.80650534266857,265.85817357935815
2016-02-12,225,197.56219025287487,124.65336348924092,273.1299941496693
2016-02-13,283,267.8168186175045,193.2967257579609,342.7784385445259
2016-02-14,279,244.16734256303903,166.54786140129528,319.3447886478881
2016-02-15,169,162.3957489277866,82.29872846087417,234.2797751885357
2016-02-16,151,167.5612826869334,93.481861297414,244.21395085785264
2016-02-17,170,166.2406138242653,94.78527572865663,241.83407431807373
2016-02-18,189,163.2527872407721,90.19611763871922,237.6658443465585
2016-02-19,202,172.4115016914594,99.82599387796213,246.2565784743741
2016-02-20,235,244.84752610809846,168.21498021837266,316.99227185878493
2016-02-21,219,223.58431957035216,147.23226028139732,302.1740939451354
2016-02-22,148,144.3379038857398,70.93458374319074,219.20831560169503
2016-02-23,146,152.1005190165647,76.40039463034566,229.5306210785249
2016-02-24,142,153.38260209340484,78.31714946037293,231.8234400205957
2016-02-25,135,152.93948695369906,79.40237838412584,222.039402221323
2016-02-26,160,164.5253226435009,89.76253254929577,244.73938600835174
2016-02-27,206,239.21697550401902,164.2288945295381,315.97769668990503
2016-02-28,235,219.99094238830608,145.9824212795795,292.43428906136126
2016-02-29,135,142.52429131458166,70.61621177378049,215.34539776571978
2016-03-01,118,151.7791340562178,79.3426227649287,227.09797672778117
2016-03-02,152,154.24515323927258,75.32632897364941,223.576053566596
2016-03-03,155,154.66657070404145,76.96322600288788,236.77670541872016
2016-03-04,167,166.79605356383294,90.29985887417361,237.53630937319318
2016-03-05,286,241.71832870153645,168.84695890682826,317.06841982474344
2016-03-06,249,222.42654720073875,148.8680273648597,301.7102230148385
2016-03-07,150,144.62243629461295,72.3703291671269,218.8093959875776
2016-03-08,193,153.2997712079198,79.04398900859941,228.2429318479137
2016-03-09,162,154.98572303802436,73.38549020822735,227.1773978637227
2016-03-10,165,154.46650764118382,77.14785811555387,230.10557571297628
2016-03-11,153,165.5398736181042,93.1395989360527,244.32438691947112
2016-03-12,234,239.33724397982465,161.10132346308578,314.3206146283315
2016-03-13,272,218.8985976911048,141.775305389562,297.3868693164177
2016-03-14,122,139.97117290067484,65.32800396778684,220.30667699328376
2016-03-15,127,147.59156668834288,74.52518979254616,224.07233215175347
2016-03-16,166,148.32582692655444,78.71855506250112,223.0054725529153
2016-03-17,129,146.99399653434955,73.55119064323519,225.25765205408658
2016-03-18,143,157.4633960608601,76.69787316461549,233.37543944874886
2016-03-19,78,230.8448951528585,153.4711171762601,310.45856515416494
2016-03-20,100,210.19245326412454,135.0435608691948,289.01621821696693
2016-03-21,111,131.2598455018645,54.08148155451376,210.79378298203216
2016-03-22,96,139.08274006654278,62.24803276612771,213.0015913335971
2016-03-23,72,140.21900133077202,65.49442464222675,213.50588191926116
2016-03-24,116,139.47366792232236,70.07809581709974,215.04654106880858
2016-03-25,169,150.6511565665094,78.87075586031186,221.514390770021
2016-03-26,186,224.87750699830661,153.2198373306019,294.5444470068611
2016-03-27,249,205.17574308780826,127.76448182434167,280.5980021540936
2016-03-28,124,127.26540966443993,50.23844988533786,198.45022670442685
2016-03-29,116,136.1458271192403,62.270431424649544,212.10767941584672
2016-03-30,142,138.33761733899655,61.43325489550911,214.46502221479287
2016-03-31,141,138.60891135479116,61.32552812073746,215.87299001787872
2016-04-01,142,150.72875084677352,75.06474932651976,225.76345310134482
2016-04-02,234,225.79046176066262,150.1800792955413,301.74588941954687
2016-04-03,203,206.7880408040226,128.54859413814978,284.9147419276437
2016-04-04,141,129.4165836375358,57.100902998357725,204.66027440215043
2016-04-05,137,138.6562707857855,64.80124248361867,213.86004270408023
2016-04-06,130,141.01444413799715,68.14692422382086,214.37018413814945
2016-04-07,149,141.25216967386547,67.16039808516919,218.37439617330648
2016-04-08,126,153.13779016100492,78.01423067862764,225.1991944771124
2016-04-09,210,227.7702442008007,151.69112611344806,302.2844400170527
2016-04-10,200,208.155197034158,132.2906828949722,283.01415358855115
2016-04-11,124,130.00502286105694,50.434471644487594,210.50566703074082
2016-04-12,136,138.32217152954115,65.86375162121392,212.47805895052986
2016-04-13,135,139.64047458726623,65.93586811372347,211.10637682849816
2016-04-14,145,138.75081301278337,66.55654104044051,209.91641778144367
2016-04-15,180,149.45368070414182,70.24669573695842,224.72443113086754
2016-04-16,212,222.8814531107243,144.91913360411306,299.4978857594984
2016-04-17,203,202.07344101892207,128.44382218245926,276.7478222375954
2016-04-18,94,122.77480433583206,45.301139367142774,195.40082366958882
2016-04-19,121,130.01889317805677,54.380140246300286,208.36625575749719
2016-04-20,130,130.36760398719943,60.180313136148136,204.25223120945842
2016-04-21,141,128.63620296228294,52.566938901946116,201.09766791370214
2016-04-22,143,138.75819347943366,65.66075123186145,213.90868090859695
2016-04-23,204,276.73493863606603,204.26188503678097,356.6495595199227
2016-04-24,198,190.71456787837369,115.97860685556908,262.0904989472616
2016-04-25,108,111.34728271881126,36.28140990302267,191.68915514866882
2016-04-26,140,118.69806142862541,48.713296165085964,192.9708383859251
2016-04-27,191,119.3219868880289,42.64972771231902,197.94515644188823
2016-04-28,143,118.02245031900782,38.75826254724439,186.54884645747
2016-04-29,146,128.60350907060885,56.80236069194312,199.73084751520474
2016-04-30,195,202.19224976914455,125.1686385071707,274.28532403669635
2016-05-01,148,246.78119197225035,170.96747253929198,320.3130208841369
2016-05-02,135,103.19306034467772,30.86528480872891,179.35511994183491
2016-05-03,122,111.33365994882448,34.477529138082836,184.7629987588544
2016-05-04,149,112.76375516572314,37.34570709854802,185.1783330887974
2016-05-05,207,112.26001814377669,42.14973350573346,184.01576568620618
2016-05-06,193,123.60136872352835,44.28739965547453,197.81646010734647
2016-05-07,267,197.892217540523,123.59284608033079,274.1688653076147
2016-05-08,232,178.13869460510938,101.67204626855059,254.04797994859607
2016-05-09,125,100.04889554717349,22.719907779080003,175.21642299577948
2016-05-10,167,108.6166651679483,38.78818302844384,181.56076531989774
2016-05-11,152,110.36345491591602,33.69501462318057,184.85207916333127
2016-05-12,158,110.0646537667408,30.226804711840533,185.27233681290767
2016-05-13,147,121.50290010570335,46.95804300749039,198.49932357657056
2016-05-14,220,195.7911548207485,113.49776368609892,266.289586362497
2016-05-15,219,175.9485847793517,99.97265664080963,250.0370840319774
2016-05-16,154,97.70030011199086,28.031946960924497,177.05650339137642
2016-05-17,160,106.06048171297529,28.482330068041005,179.7186024295157
2016-05-18,141,107.57345738197222,32.35553750705593,187.0343223788683
2016-05-19,182,172.00611376190014,98.96087664331377,244.44330245843742
2016-05-20,147,118.2654505285137,39.69211282845049,192.45470708398457
2016-05-21,234,192.39028160457687,119.27183842475802,266.2787361104717
2016-05-22,206,172.45651235929756,98.4066644786325,246.0484717260356
2016-05-23,122,94.21072431431196,13.532776910923939,168.2223117326841
2016-05-24,128,102.68544487905865,26.540564210510386,178.1377455276211
2016-05-25,152,104.4394230336162,32.481662845504005,181.524620242101
2016-05-26,127,104.2824039036386,22.25703638535397,177.35648070136352
2016-05-27,145,116.25993981813535,39.88566785155714,189.34582507720108
2016-05-28,188,191.27619437311998,119.56409566619095,264.4549765714282
2016-05-29,124,172.36759011372803,96.34313858877186,246.33949121454842
2016-05-30,71,95.26863393874801,19.037715485759684,164.89038814784902
2016-05-31,126,104.99436932630888,28.43001552721219,181.0820861772553
2016-06-01,130,108.08106668417624,30.624832352739162,181.30803191129445
2016-06-02,78,109.3115963471967,35.15397194317459,187.14240536990525
2016-06-03,112,122.46803040149132,50.69419237276142,198.77977923096668
2016-06-04,185,198.65428429691013,124.08073023219171,272.1903832404876
2016-06-05,131,180.8718692145346,107.77767172861911,254.3293251908866
2016-06-06,84,55.159349874408896,-22.91011495743065,132.15082123566054
2016-06-07,76,65.81781021094153,-5.476476949146897,143.12150181196566
2016-06-08,91,69.68996546835548,-5.4319692405616555,147.0666185980013
2016-06-09,97,71.52854156827914,-6.3532912611265715,145.40127761812744
2016-06-10,102,85.08951869945581,7.881309972706759,157.72333621419804
2016-06-11,110,164.15391073948894,89.43194057118151,242.15241470187684
2016-06-12,100,146.31185594383015,67.70012831529186,222.22439322718319
2016-06-13,101,69.95204338570386,-5.918594964274013,144.15668244993773
2016-06-14,96,80.05331953768244,7.90296776927302,149.51653988581072
2016-06-15,121,83.1250035650197,6.676596687045473,161.9613149957024
2016-06-16,110,83.93350247990021,9.194631017866202,156.80500879315184
2016-06-17,169,96.25585919285382,18.336090069859868,164.8518941903501
2016-06-18,132,171.20300625814946,98.7643196666517,248.7286293486599
2016-06-19,158,151.79576780263503,72.98137837350964,225.0960802866071
2016-06-20,98,73.76464731590805,-4.258057627192978,147.28275027083686
2016-06-21,139,82.13293310414056,5.201361709782349,158.7159287437019
2016-06-22,121,83.45767656221932,13.23712237851763,158.73513099533795
2016-06-23,103,82.55496710243528,10.944173650846569,158.2530960219971
2016-06-24,144,93.25204085484684,19.86704836976051,167.9763621848509
2016-06-25,137,166.70903717092762,92.01692300197126,240.77187242718375
2016-06-26,139,145.9934892713065,67.54013789157989,222.89369631841134
2016-06-27,125,66.87863191555421,-11.485049542466786,141.7677800952886
2016-06-28,143,74.42510310531169,4.117558925327416,155.46287987759027
2016-06-29,130,75.2206388428259,-1.7091471692030442,147.1851843746129
2016-06-30,151,74.10422597492051,0.3793436558477091,151.94825861992055
2016-07-01,134,84.91728747794332,5.340070437102857,161.7848714900275
2016-07-02,175,158.8247463364454,85.66977934265644,234.28349745384173
2016-07-03,174,138.88908031242846,62.483240817254774,210.72840995446998
2016-07-04,181,125.8354309494212,49.965117464437334,201.58425669392483
2016-07-05,213,184.42604652375482,111.48895720926781,266.227073649957
2016-07-06,196,186.8603197471671,116.37653893306508,260.5325608742711
2016-07-07,163,187.5945600432541,109.03403976317914,265.49164700938763
2016-07-08,119,135.45230800927263,55.348328146819505,212.14889018094559
2016-07-09,157,211.47492734418117,140.78940680909128,287.2963672722865
2016-07-10,193,193.69533115696152,114.97941437901315,271.4135244314914
2016-07-11,178,117.8055997053863,41.4328403923301,188.72896655254357
2016-07-12,151,128.77361244739168,48.736015262203466,205.2924672254437
2016-07-13,194,133.08501867896808,61.6065608518053,213.32846697616264
2016-07-14,159,135.46999434454202,56.02169478104227,207.54079701033712
2016-07-15,148,149.65729296506132,70.92515146982021,220.78179455391486
2016-07-16,77,226.69836166392608,153.37525114489466,301.6462251791696
2016-07-17,139,209.54455267554863,136.0902980247485,285.64042604353637
2016-07-18,114,133.84844570944605,56.407023303307035,211.77501417713088
2016-07-19,138,144.5487808732087,73.18812999964068,218.9952383126913
2016-07-20,157,148.1135160664179,76.40895621638248,222.80962729857293
2016-07-21,142,149.26738327678632,75.94093599316356,220.07832664419252
2016-07-22,151,161.7464245069545,90.99228321332106,237.51012058202323
2016-07-23,172,236.62225943534938,160.76118798695757,308.17158910798315
2016-07-24,170,216.8791052866381,143.722130229304,296.0639724021812
2016-07-25,149,138.21456374258656,59.79788590555179,210.71519424906037
2016-07-26,163,145.62368352259602,69.93991585757632,218.71097390426655
2016-07-27,207,145.6408308217536,68.47646178726288,222.98161457466048
2016-07-28,171,143.0657692394636,73.03459659781024,220.0248829813213
2016-07-29,173,151.71646539610757,82.7910356652379,226.81117201435345
2016-07-30,179,222.75141518034417,147.36459143787528,296.93442408495497
2016-07-31,174,199.24456019441533,123.22187800629742,273.3673981441527
2016-08-01,0,116.98386326542617,45.3660180988657,186.10951459099084
2016-08-02,0,121.05310919997196,49.46077510422264,198.649758705781
2016-08-03,0,118.07152245734508,38.78816969026824,194.1285694685551
2016-08-04,0,112.91766318158524,37.722227987647706,189.61787611336632
2016-08-05,0,119.48017628017858,45.43007843188525,195.01360187110683
2016-08-06,0,188.97824403576982,112.67928599962143,263.6703586575312
2016-08-07,0,164.5348628797181,88.34703756912533,238.31355261646667
2016-08-08,0,81.9740583376875,6.104708732349388,154.29307176938613
2016-08-09,0,86.40164228268459,14.544816268645976,163.7035803371459
2016-08-10,0,84.4441338503519,7.078730452789313,163.69063379727191
2016-08-11,0,80.97232602112001,5.728634627204652,151.83249157543455
2016-08-12,0,89.8520833802187,17.55726579414902,165.10615022443312
2016-08-13,0,162.26522230025915,89.61116717095635,232.15374723976453
2016-08-14,0,141.2835847969171,72.36124821930353,212.24416518141015
2016-08-15,0,62.66740078253471,-8.345219743716083,135.20446952433835
2016-08-16,0,71.44751414133233,-3.211132459148025,149.9366285269084
2016-08-17,0,74.1660566162724,2.7463495086845957,154.36891049337956
2016-08-18,0,75.60200647844465,1.5816661765325613,147.19655137406914
2016-08-19,0,89.52416600955989,13.13700486063504,170.6121813300419
2016-08-20,0,167.01435250186609,94.04243592691856,242.65667992893063
2016-08-21,0,151.04385396669892,75.35830570199445,229.543718843226
2016-08-22,0,77.27418232510263,1.6439647148465488,145.90093873214428
2016-08-23,0,90.64163735719264,19.255718265405427,161.4457115291144
2016-08-24,0,97.60020474386437,22.025162852453928,175.66826193967015
2016-08-25,0,102.84916766156435,26.777538195298945,178.6507374627607
2016-08-26,0,120.08791316392563,46.546048082397185,190.12021297401813
2016-08-27,0,200.34068139864846,129.7312064521497,274.38790679625
2016-08-28,0,186.53426960486667,107.40024298317307,263.7753023718103
2016-08-29,0,114.29969287784023,45.87893078457297,189.5131124188009
2016-08-30,0,193.52425501149926,121.71153127897257,267.8777345434431
2016-08-31,0,135.7598102981672,61.5677803459989,214.4959845018965
2016-09-01,163,140.61978656392805,67.22352544503747,214.74223958907442
2016-09-02,168,156.86380531844577,85.18599553071711,226.0131653044624
2016-09-03,196,235.5563194354959,165.25488193742603,315.53360347734895
2016-09-04,202,219.67611566699483,143.92660419748057,295.47498975758265
2016-09-05,162,144.916450977469,65.19765409803681,219.5463179804113
2016-09-06,194,156.26839657263713,81.84829940657752,237.09305748407473
2016-09-07,218,160.26195113137618,89.80979444673945,238.82126118661614
2016-09-08,197,161.69135577890168,87.21809114459069,234.36577429094163
2016-09-09,172,174.36715846902058,104.18309978235943,248.0905388222685
2016-09-10,220,249.43785371956383,176.83380887131085,327.5057418309742
2016-09-11,198,294.93115831252794,221.45320640150848,373.89073593984284
2016-09-12,206,216.6842496126506,141.2602029080901,293.4974263456363
2016-09-13,199,224.72697942263162,147.78083296038653,306.3075441116688
2016-09-14,299,225.65344366046486,149.40450112402013,301.0010111617953
2016-09-15,280,224.31280694525844,152.16318252596702,296.68391560573366
2016-09-16,201,169.5932350967797,95.79574965589698,250.07877580637074
2016-09-17,185,242.6105201204653,166.00212527483194,324.78411522238173
2016-09-18,241,221.48009249033746,146.34154639811686,292.854960475469
2016-09-19,162,139.28462351109258,68.41466873867549,212.76619586770997
2016-09-20,145,146.4811843359231,72.20307988066907,226.99438980038278
2016-09-21,165,146.95233199196997,76.20203117710376,222.58902727966296
2016-09-22,164,145.5232849385606,72.79468839560927,221.18894226248523
2016-09-23,151,156.01574423850244,80.67398642279502,222.88419210523395
2016-09-24,184,229.56997909449169,154.27248960936208,305.08391176046257
2016-09-25,199,209.22011959714612,133.22987051930957,284.6472839938071
2016-09-26,146,130.69371491779674,56.84334192494197,212.33520671709005
2016-09-27,138,138.99509553804063,64.219978034925,218.39685055438972
2016-09-28,182,140.64708744322016,66.33373333135016,211.08207950310376
2016-09-29,178,140.41748105711116,64.94460156322107,213.0918638840472
2016-09-30,170,152.07275769546183,77.17503612825391,232.44668078913483
2016-10-01,243,226.70184090834985,153.57606891836426,303.0065977535353
2016-10-02,252,207.29290136926238,131.75400287320542,281.9552913306821
2016-10-03,147,129.53423111593278,52.48739194153785,204.07549974508302
2016-10-04,138,138.39868958531906,63.5455012248456,214.4554753398719
2016-10-05,169,140.38624052863787,63.84729989880157,212.25713452094845
2016-10-06,153,140.25096180966344,74.50513414612894,219.04985435695176
2016-10-07,139,151.75501870549797,80.02323622105794,222.63888083243302
2016-10-08,198,225.992364818321,157.62184801241418,306.41383342309337
2016-10-09,266,205.96520490972688,129.1444783255135,280.3452436039653
2016-10-10,121,127.38424978299378,52.239728318073205,198.32254644800588
2016-10-11,154,135.2522881517485,60.93319167105359,211.81108703458526
2016-10-12,130,136.10562451053096,61.767266497009146,210.72996842110248
2016-10-13,161,134.7398014204838,58.381175680540544,210.74481216927876
2016-10-14,160,144.96213858974326,71.39346807310444,223.44334008238832
2016-10-15,211,217.91389866671315,144.3104594440631,289.8431895986438
2016-10-16,231,196.64516252444446,120.26020454476381,275.68625105899986
2016-10-17,143,116.91349380255777,40.177075525143685,192.5481693297754
2016-10-18,123,123.76596697022305,50.47571753153254,197.8461010278281
2016-10-19,128,123.77915543762519,47.673041351434094,196.51495701038198
2016-10-20,134,121.7835424272292,46.46852522805572,201.13416793888507
2016-10-21,153,131.61492672906192,54.886192518805856,200.90062158958702
2016-10-22,209,204.43566729203124,129.64901643174346,276.69735493138023
2016-10-23,166,183.30887674330305,109.12137613751051,261.19590361412577
2016-10-24,126,103.99666341105372,28.4592004017058,178.22283046607453
2016-10-25,129,111.54200784870731,33.806264897171985,183.44111872460167
2016-10-26,149,112.5088737332108,35.16835792838251,189.2064024762494
2016-10-27,140,111.7070107392514,36.34562560753571,183.52976967830085
2016-10-28,203,187.9109696772248,113.28957959549447,263.66644063393267
2016-10-29,236,262.3143833982526,187.60203577550251,339.59911658756295
2016-10-30,189,177.94005677434632,98.26111451449209,251.22992384732757
2016-10-31,141,100.43946912628445,23.475138299580266,171.94419644080003
2016-11-01,149,109.84123527642708,28.86892060167592,184.54818837721191
2016-11-02,151,112.6605428840612,39.212995732593434,192.49788973188703
2016-11-03,161,113.65851567958296,39.28883833870062,197.52761967340027
2016-11-04,183,126.59578297907065,52.481226417105674,195.27673006551362
2016-11-05,192,202.5560693308347,134.3215205348877,273.554288220251
2016-11-06,200,184.5228403721296,104.38092912588637,255.63960593103675
2016-11-07,129,108.18002728194095,33.00749118302091,185.1865058677653
2016-11-08,136,118.49633783677437,42.10681128496498,199.40761681379917
2016-11-09,151,121.96767753908176,45.002867088380796,193.47042836714093
2016-11-10,167,123.34406594526772,46.169076119927595,195.97248275147186
2016-11-11,157,136.38354061546065,61.94390341216657,211.65428334833766
2016-11-12,210,212.17581328524653,141.7647760654757,289.3087669281736
2016-11-13,198,193.71871180831062,123.51157436493874,271.1223454080682
2016-11-14,138,116.71843606139707,40.42656248064879,193.47782328694873
2016-11-15,155,126.17314981579935,49.723547641464215,200.26270111030414
2016-11-16,176,128.6144537906603,56.96789993301815,200.64424743552127
2016-11-17,168,128.8331538883477,52.28332762857418,198.64976594434563
2016-11-18,146,140.63185214731573,67.49090740433843,213.28799519952614
2016-11-19,223,215.14716532826748,139.39245160778992,293.17894484658177
2016-11-20,175,195.42464897070732,122.10701147269829,267.2583200899425
2016-11-21,155,117.21750205538693,39.39246276743901,189.2495703450437
2016-11-22,156,125.56862243241473,52.299319830109646,196.476110451211
2016-11-23,164,127.05060616587069,50.6666538258436,197.8302309225081
2016-11-24,207,126.49015103015181,47.77186335970918,206.316493693778
2016-11-25,192,137.7194348344984,65.62113009555678,209.59266581035286
2016-11-26,223,211.89731220995438,140.1712816707657,289.3028785908112
2016-11-27,171,192.08344080519413,117.99815487574949,268.5536883501444
2016-11-28,142,114.03643849197651,41.00399803467712,181.66846823721454
2016-11-29,152,122.79566073797086,52.25677923431849,200.2485604498133
2016-11-30,162,124.92120221416135,50.83620561133565,202.32854367832982
2016-12-01,196,125.21858532754378,52.47662815394289,203.6731169467807
2016-12-02,185,137.49070024857076,56.73554150939634,208.96344544906617
2016-12-03,256,212.85982551074292,143.20629499146543,290.14899877047395
2016-12-04,254,194.34281753057329,120.16338955821556,267.44218708142614
2016-12-05,157,117.65054062139913,40.87342262496925,189.33246566893243
2016-12-06,189,127.77109007460683,52.579154164785024,203.63391166149646
2016-12-07,174,131.21137026283023,55.146075493597905,204.668098006373
2016-12-08,162,132.7234440627593,58.0637214041647,207.65713350598392
2016-12-09,184,146.05816882409076,69.69003885160434,222.85161203377174
2016-12-10,235,222.28889713565817,146.85518128324875,299.16479828879295
2016-12-11,180,204.3882799084836,126.68485235923418,275.40492904235896
2016-12-12,128,128.0291940515488,53.26486742954568,199.92899056852923
2016-12-13,147,138.1693009774516,66.71916466725934,213.21697052516478
2016-12-14,159,141.29375594822403,61.479906572801674,216.90632375030316
2016-12-15,175,142.14244824280883,69.17226622833822,215.95309064966816
2016-12-16,189,154.46425780674872,78.76178456178346,228.7402180885012
2016-12-17,207,229.34108473245897,152.68448679468457,301.73189157393745
2016-12-18,214,209.76467554639785,127.5936050699807,284.7903977254541
2016-12-19,123,131.43726384586222,52.665388796297165,208.16533704310416
2016-12-20,141,139.35553580731832,63.37424693584693,214.1119262379541
2016-12-21,133,140.05245380893805,63.55884884809646,214.1513431692151
2016-12-22,140,138.32334001154524,62.86915167529441,213.24921175383824
2016-12-23,218,147.97873547230952,78.1169574018342,222.3776187614331
2016-12-24,219,220.16682829485214,139.27588960729963,295.84931902452803
2016-12-25,200,197.9485181626453,127.73948853987216,275.9052592127037
2016-12-26,152,117.09618317236463,46.43008232213186,190.45022357452157
2016-12-27,133,122.67571150579434,54.47666813876362,195.062191175725
2016-12-28,160,121.28638537552129,47.98294861618102,194.7331611733635
2016-12-29,209,117.78507390323685,47.1409173623324,195.60118942329777
2016-12-30,226,126.03730439544891,56.28429834935094,198.913992720663
2016-12-31,188,197.23805692156063,122.61088860356425,274.4881283686246
